{
  "Scrollback With Status Bar" : false,
  "Tags" : [

  ],
  "Ansi 12 Color" : {
    "Red Component" : 0.34117650985717773,
    "Color Space" : "sRGB",
    "Blue Component" : 0.99999994039535522,
    "Alpha Component" : 1,
    "Green Component" : 0.78039222955703735
  },
  "Transparency" : 0,
  "Ansi 7 Color" : {
    "Red Component" : 0.94509804248809814,
    "Color Space" : "sRGB",
    "Blue Component" : 0.89411765336990356,
    "Alpha Component" : 1,
    "Green Component" : 0.94509804248809814
  },
  "Bold Color" : {
    "Red Component" : 0.97102361917495728,
    "Color Space" : "sRGB",
    "Blue Component" : 0.97102349996566772,
    "Alpha Component" : 1,
    "Green Component" : 0.97102349996566772
  },
  "Ansi 8 Color" : {
    "Red Component" : 0.40784323215484619,
    "Color Space" : "sRGB",
    "Blue Component" : 0.40784311294555664,
    "Alpha Component" : 1,
    "Green Component" : 0.40784311294555664
  },
  "Ansi 9 Color" : {
    "Red Component" : 1,
    "Color Space" : "sRGB",
    "Blue Component" : 0.34117639064788818,
    "Alpha Component" : 1,
    "Green Component" : 0.36078426241874695
  },
  "Ansi 3 Color" : {
    "Red Component" : 0.87843137979507446,
    "Color Space" : "sRGB",
    "Blue Component" : 0.40000000596046448,
    "Alpha Component" : 1,
    "Green Component" : 0.83921569585800171
  },
  "Rows" : 25,
  "Default Bookmark" : "No",
  "Horizontal Spacing" : 1,
  "Blend" : 0.050000000000000003,
  "Cursor Guide Color" : {
    "Red Component" : 0.70213186740875244,
    "Color Space" : "sRGB",
    "Blue Component" : 1,
    "Alpha Component" : 0.25,
    "Green Component" : 0.9268307089805603
  },
  "Non-ASCII Anti Aliased" : true,
  "Use Bright Bold" : true,
  "Ansi 10 Color" : {
    "Red Component" : 0.35294127464294434,
    "Color Space" : "sRGB",
    "Blue Component" : 0.55686265230178833,
    "Alpha Component" : 1,
    "Green Component" : 0.96862751245498657
  },
  "Ambiguous Double Width" : false,
  "Jobs to Ignore" : [
    "rlogin",
    "ssh",
    "slogin",
    "telnet"
  ],
  "Ansi 15 Color" : {
    "Red Component" : 0.94509810209274292,
    "Color Space" : "sRGB",
    "Blue Component" : 0.94117647409439087,
    "Alpha Component" : 1,
    "Green Component" : 0.94509810209274292
  },
  "Foreground Color" : {
    "Red Component" : 0.93725490570068359,
    "Color Space" : "sRGB",
    "Blue Component" : 0.92156857252120972,
    "Alpha Component" : 1,
    "Green Component" : 0.94117647409439087
  },
  "Working Directory" : "\/Users\/admin",
  "Blinking Cursor" : false,
  "Disable Window Resizing" : true,
  "Sync Title" : false,
  "Prompt Before Closing 2" : false,
  "BM Growl" : false,
  "Command" : "",
  "Description" : "Default",
  "Mouse Reporting" : true,
  "Screen" : -1,
  "Selection Color" : {
    "Red Component" : 0.57319694757461548,
    "Color Space" : "sRGB",
    "Blue Component" : 0.81719964742660522,
    "Alpha Component" : 1,
    "Green Component" : 0.73586553335189819
  },
  "Columns" : 80,
  "Idle Code" : 0,
  "Ansi 13 Color" : {
    "Red Component" : 1,
    "Color Space" : "sRGB",
    "Blue Component" : 0.75686269998550415,
    "Alpha Component" : 1,
    "Green Component" : 0.4156862199306488
  },
  "Custom Command" : "No",
  "ASCII Anti Aliased" : true,
  "Non Ascii Font" : "MesloLGMDZForPowerline-Regular 14",
  "Vertical Spacing" : 1,
  "Use Bold Font" : true,
  "Option Key Sends" : 2,
  "Selected Text Color" : {
    "Red Component" : 0,
    "Color Space" : "sRGB",
    "Blue Component" : 0,
    "Alpha Component" : 1,
    "Green Component" : 0
  },
  "Background Color" : {
    "Red Component" : 0.15686270594596863,
    "Color Space" : "sRGB",
    "Blue Component" : 0.21176469326019287,
    "Alpha Component" : 1,
    "Green Component" : 0.16470584273338318
  },
  "Character Encoding" : 4,
  "Ansi 11 Color" : {
    "Red Component" : 0.95294123888015747,
    "Color Space" : "sRGB",
    "Blue Component" : 0.61568623781204224,
    "Alpha Component" : 1,
    "Green Component" : 0.97647064924240112
  },
  "Use Italic Font" : true,
  "Unlimited Scrollback" : true,
  "Keyboard Map" : {
    "0x5b-0x100000-0x21" : {
      "Label" : "",
      "Action" : 11,
      "Text" : "0x1C 0x70"
    },
    "0x62-0x100000-0x0" : {
      "Label" : "",
      "Action" : 11,
      "Text" : "0x1C 0x77"
    },
    "0x5d-0x100000-0x1e" : {
      "Label" : "",
      "Action" : 11,
      "Text" : "0x1C 0x6E"
    },
    "0x64-0x100000-0x2" : {
      "Label" : "",
      "Action" : 11,
      "Text" : "0x1C"
    },
    "0x78-0x100000-0x7" : {
      "Label" : "",
      "Action" : 11,
      "Text" : "0x1C 0x78"
    },
    "0x5e-0x100000-0x18" : {
      "Label" : "",
      "Action" : 11,
      "Text" : "0x1C 0x5E"
    },
    "0x7b-0x120000-0x1e" : {
      "Label" : "",
      "Action" : 11,
      "Text" : "0x1C 0x28"
    },
    "0x7b-0x120000-0x21" : {
      "Label" : "",
      "Action" : 11,
      "Text" : "0x1C 0x29"
    },
    "0x3e-0x120000-0x2f" : {
      "Label" : "",
      "Action" : 11,
      "Text" : "0x1C 0x3E"
    },
    "0x3c-0x120000-0x2b" : {
      "Label" : "",
      "Action" : 11,
      "Text" : "0x1C 0x3C"
    }
  },
  "Window Type" : 12,
  "Background Image Location" : "",
  "Blur" : false,
  "Badge Color" : {
    "Red Component" : 1,
    "Color Space" : "sRGB",
    "Blue Component" : 0,
    "Alpha Component" : 0.5,
    "Green Component" : 0.1491314172744751
  },
  "Scrollback Lines" : 0,
  "Send Code When Idle" : false,
  "Close Sessions On End" : true,
  "Terminal Type" : "xterm-256color",
  "Visual Bell" : false,
  "Flashing Bell" : false,
  "Scrollback in Alternate Screen" : false,
  "Silence Bell" : false,
  "Ansi 14 Color" : {
    "Red Component" : 0.60392171144485474,
    "Color Space" : "sRGB",
    "Blue Component" : 0.99607843160629272,
    "Alpha Component" : 1,
    "Green Component" : 0.92941170930862427
  },
  "Name" : "Default",
  "Cursor Text Color" : {
    "Red Component" : 0.97254902124404907,
    "Color Space" : "sRGB",
    "Blue Component" : 0.97254902124404907,
    "Alpha Component" : 1,
    "Green Component" : 0.97254902124404907
  },
  "Shortcut" : "",
  "Cursor Color" : {
    "Red Component" : 0.91646724939346313,
    "Color Space" : "sRGB",
    "Blue Component" : 0.91647690534591675,
    "Alpha Component" : 1,
    "Green Component" : 0.91648870706558228
  },
  "Ansi 0 Color" : {
    "Red Component" : 0,
    "Color Space" : "sRGB",
    "Blue Component" : 0,
    "Alpha Component" : 1,
    "Green Component" : 0
  },
  "Ansi 1 Color" : {
    "Red Component" : 0.95686274766921997,
    "Color Space" : "sRGB",
    "Blue Component" : 0.41960784792900085,
    "Alpha Component" : 1,
    "Green Component" : 0.16078431904315948
  },
  "Ansi 2 Color" : {
    "Red Component" : 0.67843139171600342,
    "Color Space" : "sRGB",
    "Blue Component" : 0.11764705926179886,
    "Alpha Component" : 1,
    "Green Component" : 0.87058824300765991
  },
  "Custom Directory" : "No",
  "Ansi 4 Color" : {
    "Red Component" : 0.36862745881080627,
    "Color Space" : "sRGB",
    "Blue Component" : 0.94901961088180542,
    "Alpha Component" : 1,
    "Green Component" : 0.57254904508590698
  },
  "Ansi 5 Color" : {
    "Red Component" : 0.66666668653488159,
    "Color Space" : "sRGB",
    "Blue Component" : 0.95686274766921997,
    "Alpha Component" : 1,
    "Green Component" : 0.47450980544090271
  },
  "Use Non-ASCII Font" : true,
  "Right Option Key Sends" : 0,
  "Normal Font" : "MesloLGMDZForPowerline-Regular 14",
  "Ansi 6 Color" : {
    "Red Component" : 0.364705890417099,
    "Color Space" : "sRGB",
    "Blue Component" : 0.89411765336990356,
    "Alpha Component" : 1,
    "Green Component" : 0.82745099067687988
  },
  "Link Color" : {
    "Red Component" : 0.29264676570892334,
    "Color Space" : "sRGB",
    "Blue Component" : 0.85775750875473022,
    "Alpha Component" : 1,
    "Green Component" : 0.66938728094100952
  },
  "Guid" : "F2437C8B-9683-4214-822A-5E44C66DA71C"
}